mean_fit_time,std_fit_time,mean_score_time,std_score_time,param_model__class_weight,param_model__max_depth,param_model__min_samples_leaf,params,split0_test_f1,split1_test_f1,split2_test_f1,split3_test_f1,split4_test_f1,mean_test_f1,std_test_f1,rank_test_f1,split0_test_roc_auc,split1_test_roc_auc,split2_test_roc_auc,split3_test_roc_auc,split4_test_roc_auc,mean_test_roc_auc,std_test_roc_auc,rank_test_roc_auc,split0_test_accuracy,split1_test_accuracy,split2_test_accuracy,split3_test_accuracy,split4_test_accuracy,mean_test_accuracy,std_test_accuracy,rank_test_accuracy
0.010493659973144531,0.0009481199953728496,0.014512348175048827,0.0017931675430995799,,2,1,"{'model__class_weight': None, 'model__max_depth': 2, 'model__min_samples_leaf': 1}",0.8933333333333333,0.868421052631579,0.8707482993197279,0.8205128205128205,0.868421052631579,0.8642873116858079,0.023815110499939417,2,0.7469165085388995,0.6441176470588236,0.7267693789118922,0.5438131921039961,0.6889744824265768,0.6701182418080377,0.07223832698276147,15,0.8383838383838383,0.7959183673469388,0.8061224489795918,0.7142857142857143,0.7959183673469388,0.7901257472686044,0.04099648112047236,2
0.011108875274658203,0.0021373953740422107,0.01356954574584961,0.001988858442471878,,2,5,"{'model__class_weight': None, 'model__max_depth': 2, 'model__min_samples_leaf': 5}",0.8859060402684564,0.868421052631579,0.8707482993197279,0.8205128205128205,0.868421052631579,0.8628018530728324,0.02212899706787011,3,0.74146110056926,0.642156862745098,0.7207510832932114,0.5416466056812711,0.6889744824265768,0.6669980269430835,0.07105936567057573,18,0.8282828282828283,0.7959183673469388,0.8061224489795918,0.7142857142857143,0.7959183673469388,0.7881055452484024,0.038756343258191724,3
0.009429264068603515,0.00062351169918731,0.014458799362182617,0.0033473389863721385,,2,10,"{'model__class_weight': None, 'model__max_depth': 2, 'model__min_samples_leaf': 10}",0.9006622516556292,0.868421052631579,0.8859060402684564,0.8205128205128205,0.8758169934640523,0.8702638317065073,0.027122459988421003,1,0.7533206831119544,0.642156862745098,0.775397207510833,0.5430909966297544,0.7248435243139142,0.6877618548623108,0.08527888101091685,9,0.8484848484848485,0.7959183673469388,0.826530612244898,0.7142857142857143,0.8061224489795918,0.7982683982683982,0.04569626807089581,1
0.011604738235473634,0.0020355815285515353,0.014252138137817384,0.0013922618997995885,,4,1,"{'model__class_weight': None, 'model__max_depth': 4, 'model__min_samples_leaf': 1}",0.8666666666666667,0.8142857142857143,0.863013698630137,0.8051948051948052,0.8758169934640523,0.8449955756482751,0.029228224891324227,4,0.6653225806451613,0.641421568627451,0.749398170438132,0.5454983148772268,0.7347135291285508,0.6672708327433043,0.07320374736523537,17,0.797979797979798,0.7346938775510204,0.7959183673469388,0.6938775510204082,0.8061224489795918,0.7657184085755514,0.044065749912165865,4
0.01353907585144043,0.004549091239184478,0.017032909393310546,0.0037480130910432096,,4,5,"{'model__class_weight': None, 'model__max_depth': 4, 'model__min_samples_leaf': 5}",0.8533333333333334,0.7883211678832117,0.863013698630137,0.8104575163398693,0.8627450980392157,0.8355741628451533,0.0305622886721144,6,0.7234345351043643,0.657843137254902,0.7542128069330766,0.5950890707751565,0.7250842561386615,0.6911327612412321,0.05745918605141371,8,0.7777777777777778,0.7040816326530612,0.7959183673469388,0.7040816326530612,0.7857142857142857,0.7535147392290249,0.04076968864864739,9
0.015853309631347658,0.006602653820479796,0.017808198928833008,0.003634045430290539,,4,10,"{'model__class_weight': None, 'model__max_depth': 4, 'model__min_samples_leaf': 10}",0.8671328671328671,0.7575757575757576,0.8767123287671232,0.8104575163398693,0.8758169934640523,0.8375390926559337,0.04691072017865023,5,0.8071631878557874,0.6421568627450981,0.721473278767453,0.5974963890226288,0.7862301396244583,0.7109039716030852,0.0807948306754564,4,0.8080808080808081,0.673469387755102,0.8163265306122449,0.7040816326530612,0.8061224489795918,0.7616161616161616,0.06035407728855942,5
0.011759662628173828,0.002081149801345551,0.015655994415283203,0.002643170963346523,,6,1,"{'model__class_weight': None, 'model__max_depth': 6, 'model__min_samples_leaf': 1}",0.8552631578947368,0.7714285714285715,0.7943262411347518,0.8053691275167785,0.8435374149659864,0.813984902588165,0.031141551730706825,14,0.5718690702087288,0.571078431372549,0.6605681271064034,0.6420317766008667,0.682956186807896,0.6257007184192889,0.046134735073619086,23,0.7777777777777778,0.673469387755102,0.7040816326530612,0.7040816326530612,0.7653061224489796,0.7249433106575964,0.03985127714109523,14
0.010145282745361328,0.0005055189217024691,0.012402200698852539,0.00039630333532756707,,6,5,"{'model__class_weight': None, 'model__max_depth': 6, 'model__min_samples_leaf': 5}",0.8513513513513513,0.7681159420289855,0.8309859154929577,0.8258064516129032,0.8533333333333334,0.825918598763906,0.030871443040834428,11,0.7243833017077799,0.6330882352941176,0.7060664419836302,0.6239768897448243,0.7262879152623978,0.6827605567985499,0.04492907109834841,12,0.7777777777777778,0.673469387755102,0.7551020408163265,0.7244897959183674,0.7755102040816326,0.7412698412698413,0.03892308578888949,12
0.010666465759277344,0.0008101191721018358,0.014959049224853516,0.0028973420178066986,,6,10,"{'model__class_weight': None, 'model__max_depth': 6, 'model__min_samples_leaf': 10}",0.8652482269503546,0.7851851851851852,0.8450704225352113,0.7972972972972973,0.8648648648648649,0.8315331993665828,0.03391517309417087,8,0.8083491461100569,0.6681372549019607,0.7082330284063554,0.6225324987963409,0.8697640828117478,0.7354032022052923,0.09096887233379311,2,0.8080808080808081,0.7040816326530612,0.7755102040816326,0.6938775510204082,0.7959183673469388,0.7554937126365697,0.04741301210854229,7
0.011177444458007812,0.000664895201818937,0.012178421020507812,0.0015603568127455795,,,1,"{'model__class_weight': None, 'model__max_depth': None, 'model__min_samples_leaf': 1}",0.8,0.7424242424242424,0.7761194029850746,0.7916666666666666,0.7941176470588235,0.7808655918269614,0.020778206920321382,16,0.6873814041745729,0.6102941176470589,0.6461242176215696,0.602792489167068,0.661049590755898,0.6415283638732335,0.03156183645520607,22,0.7272727272727273,0.6530612244897959,0.6938775510204082,0.6938775510204082,0.7142857142857143,0.6964749536178108,0.025155400752027175,18
0.013129425048828126,0.003485512831881155,0.013038444519042968,0.0008314170676510193,,,5,"{'model__class_weight': None, 'model__max_depth': None, 'model__min_samples_leaf': 5}",0.8285714285714286,0.7121212121212122,0.8148148148148148,0.8,0.7801418439716312,0.7871298598958174,0.04080350587142012,15,0.7870018975332069,0.6181372549019608,0.6812710640346653,0.6035146846413096,0.7010110736639383,0.6781871949550162,0.06565524850600486,13,0.7575757575757576,0.6122448979591837,0.7448979591836735,0.7040816326530612,0.6836734693877551,0.7004947433518861,0.05160182943559507,17
0.012242650985717774,0.0018533584731826515,0.017952108383178712,0.007040874633389305,,,10,"{'model__class_weight': None, 'model__max_depth': None, 'model__min_samples_leaf': 10}",0.8467153284671532,0.7633587786259542,0.8345323741007195,0.7972972972972973,0.863013698630137,0.8209834954242522,0.03603853852324963,12,0.7910341555977229,0.6715686274509804,0.732787674530573,0.6439576311988445,0.8411169956668271,0.7360930168889896,0.07309147181123929,1,0.7878787878787878,0.6836734693877551,0.7653061224489796,0.6938775510204082,0.7959183673469388,0.7453308596165739,0.04736562043997951,11
0.011298608779907227,0.0012811771598638653,0.01548624038696289,0.004437417925502859,balanced,2,1,"{'model__class_weight': 'balanced', 'model__max_depth': 2, 'model__min_samples_leaf': 1}",0.7213114754098361,0.8627450980392157,0.8707482993197279,0.8205128205128205,0.868421052631579,0.8287477491826358,0.056752451788494966,10,0.7533206831119544,0.6112745098039216,0.7267693789118922,0.5438131921039961,0.6889744824265768,0.6648304492716683,0.07715348600255194,19,0.6565656565656566,0.7857142857142857,0.8061224489795918,0.7142857142857143,0.7959183673469388,0.7517212945784374,0.057488100343143375,10
0.015171957015991212,0.003397705281761348,0.017377138137817383,0.004127479654410529,balanced,2,5,"{'model__class_weight': 'balanced', 'model__max_depth': 2, 'model__min_samples_leaf': 5}",0.7213114754098361,0.868421052631579,0.8707482993197279,0.8205128205128205,0.868421052631579,0.8298829401011085,0.057473318862227264,9,0.7533206831119544,0.642156862745098,0.7207510832932114,0.5416466056812711,0.6889744824265768,0.6693699434516224,0.07365580620982616,16,0.6565656565656566,0.7959183673469388,0.8061224489795918,0.7142857142857143,0.7959183673469388,0.7537621109049681,0.05882421532645511,8
0.01784791946411133,0.002477468410094871,0.02376279830932617,0.0029506198825754114,balanced,2,10,"{'model__class_weight': 'balanced', 'model__max_depth': 2, 'model__min_samples_leaf': 10}",0.7213114754098361,0.868421052631579,0.8859060402684564,0.8205128205128205,0.8758169934640523,0.8343936764573489,0.06084001890540659,7,0.7533206831119544,0.642156862745098,0.775397207510833,0.5430909966297544,0.7248435243139142,0.6877618548623108,0.08527888101091685,9,0.6565656565656566,0.7959183673469388,0.826530612244898,0.7142857142857143,0.8061224489795918,0.7598845598845599,0.06423725471466762,6
0.02102489471435547,0.006291800331660301,0.030491161346435546,0.003847885810786377,balanced,4,1,"{'model__class_weight': 'balanced', 'model__max_depth': 4, 'model__min_samples_leaf': 1}",0.6785714285714286,0.7518796992481203,0.863013698630137,0.7922077922077922,0.8142857142857143,0.7799916665886384,0.0621197563165113,17,0.7851043643263758,0.6093137254901961,0.7532498796340876,0.5464612421762157,0.7347135291285508,0.6857685481510852,0.09172656217573877,11,0.6363636363636364,0.6632653061224489,0.7959183673469388,0.673469387755102,0.7346938775510204,0.7007421150278292,0.057452837280121974,16
0.03506827354431152,0.007065279588205516,0.03884286880493164,0.007240020225544106,balanced,4,5,"{'model__class_weight': 'balanced', 'model__max_depth': 4, 'model__min_samples_leaf': 5}",0.6666666666666666,0.7575757575757576,0.863013698630137,0.7973856209150327,0.8057553956834532,0.7780794278942094,0.06509335217723176,18,0.790796963946869,0.6357843137254903,0.7542128069330766,0.5710158883004334,0.7250842561386615,0.6953788458089061,0.08058053996828919,7,0.6262626262626263,0.673469387755102,0.7959183673469388,0.6836734693877551,0.7244897959183674,0.7007627293341578,0.05692943665986249,15
0.020800447463989256,0.005922619491362849,0.026771068572998047,0.008353013200850124,balanced,4,10,"{'model__class_weight': 'balanced', 'model__max_depth': 4, 'model__min_samples_leaf': 10}",0.8125,0.7575757575757576,0.8321167883211679,0.7973856209150327,0.8758169934640523,0.8150790320552019,0.039001845788774143,13,0.8121442125237192,0.6421568627450981,0.7626384207992296,0.5777563793933558,0.7551757342320655,0.7099743219386937,0.08641313977244554,5,0.7575757575757576,0.673469387755102,0.7653061224489796,0.6836734693877551,0.8061224489795918,0.7372294372294372,0.05075845874923363,13
0.027108097076416017,0.005295471148759467,0.031833219528198245,0.002505965472742553,balanced,6,1,"{'model__class_weight': 'balanced', 'model__max_depth': 6, 'model__min_samples_leaf': 1}",0.7096774193548387,0.7611940298507462,0.7555555555555555,0.703125,0.8194444444444444,0.749799289841117,0.04195634893093995,21,0.6795540796963947,0.5754901960784313,0.7327876745305729,0.5871449205584978,0.6730861819932594,0.6496126105714313,0.059601906041817414,21,0.6363636363636364,0.673469387755102,0.6632653061224489,0.6122448979591837,0.7346938775510204,0.6640074211502782,0.041304218452061614,21
0.026718807220458985,0.006816137739583118,0.03766665458679199,0.015354432263178373,balanced,6,5,"{'model__class_weight': 'balanced', 'model__max_depth': 6, 'model__min_samples_leaf': 5}",0.7107438016528925,0.732824427480916,0.7480916030534351,0.7464788732394366,0.8251748251748252,0.7526627061203011,0.03864684730542831,19,0.7148956356736242,0.6450980392156863,0.7392874337987482,0.5635532017332692,0.705825710158883,0.6737320041160422,0.06321587985921545,14,0.6464646464646465,0.6428571428571429,0.6632653061224489,0.6326530612244898,0.7448979591836735,0.6660276231704805,0.04064874634952068,20
0.028332853317260744,0.002336956250560128,0.03707275390625,0.0035677064156438986,balanced,6,10,"{'model__class_weight': 'balanced', 'model__max_depth': 6, 'model__min_samples_leaf': 10}",0.7377049180327869,0.7154471544715447,0.7401574803149606,0.7777777777777778,0.7804878048780488,0.7503150270950238,0.025070134992236294,20,0.801944971537002,0.6642156862745098,0.6836783822821376,0.6157920077034184,0.8131921039961483,0.7157646303586432,0.07823108085330946,3,0.6767676767676768,0.6428571428571429,0.6632653061224489,0.673469387755102,0.7244897959183674,0.6761698618841476,0.02690253064901856,19
0.016599178314208984,0.00761302951638162,0.014991283416748047,0.003796179053290819,balanced,,1,"{'model__class_weight': 'balanced', 'model__max_depth': None, 'model__min_samples_leaf': 1}",0.7761194029850746,0.7131782945736435,0.7401574803149606,0.75177304964539,0.7669172932330827,0.7496291041504303,0.022016298931816267,22,0.6565464895635673,0.5882352941176471,0.6410688493018777,0.5568127106403467,0.6386615310544054,0.6162649749355688,0.037575718401310715,24,0.696969696969697,0.6224489795918368,0.6632653061224489,0.6428571428571429,0.6836734693877551,0.6618429189857762,0.026925188221186246,23
0.014367485046386718,0.004400091000334859,0.01911931037902832,0.003857300930257645,balanced,,5,"{'model__class_weight': 'balanced', 'model__max_depth': None, 'model__min_samples_leaf': 5}",0.7286821705426356,0.6774193548387096,0.7272727272727273,0.6666666666666666,0.7154471544715447,0.7030976147584568,0.025992705523855478,24,0.6835863377609108,0.6485294117647058,0.7537313432835822,0.5476649012999518,0.6827154549831488,0.6632454898184599,0.06716539988924737,20,0.6464646464646465,0.5918367346938775,0.6632653061224489,0.5612244897959183,0.6428571428571429,0.6211296639868069,0.03830421025108726,24
0.01225109100341797,0.0014986960583689647,0.013244962692260743,0.0011909009658538432,balanced,,10,"{'model__class_weight': 'balanced', 'model__max_depth': None, 'model__min_samples_leaf': 10}",0.7377049180327869,0.6434782608695652,0.6942148760330579,0.762589928057554,0.8296296296296296,0.7335235225245187,0.0628522754678081,23,0.7907969639468689,0.6674019607843137,0.7007703418391911,0.5909966297544536,0.7696196437168994,0.7039171080083453,0.0720544586956784,6,0.6767676767676768,0.5816326530612245,0.6224489795918368,0.6632653061224489,0.7653061224489796,0.6618841475984333,0.06150604323568759,22
