Loan_ID,Loan_Status,split
LP001002,Y,train
LP001003,N,train
LP001005,Y,holdout_test
LP001006,Y,train
LP001008,Y,train
LP001011,Y,train
LP001013,Y,train
LP001014,N,holdout_test
LP001018,Y,train
LP001020,N,train
LP001024,Y,train
LP001027,Y,holdout_test
LP001028,Y,train
LP001029,N,train
LP001030,Y,train
LP001032,Y,train
LP001034,Y,train
LP001036,N,train
LP001038,N,train
LP001041,Y,train
LP001043,N,train
LP001046,Y,train
LP001047,N,train
LP001050,N,train
LP001052,N,train
LP001066,Y,train
LP001068,Y,train
LP001073,Y,train
LP001086,N,train
LP001087,Y,train
LP001091,N,train
LP001095,N,train
LP001097,N,train
LP001098,Y,train
LP001100,N,holdout_test
LP001106,Y,train
LP001109,N,train
LP001112,Y,train
LP001114,Y,train
LP001116,Y,train
LP001119,N,train
LP001120,Y,train
LP001123,Y,train
LP001131,Y,train
LP001136,Y,train
LP001137,Y,train
LP001138,Y,train
LP001144,Y,train
LP001146,N,train
LP001151,Y,train
LP001155,Y,train
LP001157,Y,train
LP001164,N,train
LP001179,N,train
LP001186,N,holdout_test
LP001194,Y,train
LP001195,Y,train
LP001197,N,holdout_test
LP001198,Y,holdout_test
LP001199,Y,train
LP001205,Y,holdout_test
LP001206,Y,train
LP001207,N,train
LP001213,N,train
LP001222,N,train
LP001225,N,train
LP001228,N,train
LP001233,Y,train
LP001238,Y,train
LP001241,N,train
LP001243,Y,train
LP001245,Y,train
LP001248,Y,train
LP001250,N,train
LP001253,Y,train
LP001255,N,train
LP001256,N,train
LP001259,N,train
LP001263,N,train
LP001264,Y,train
LP001265,Y,train
LP001266,Y,train
LP001267,N,train
LP001273,N,train
LP001275,Y,train
LP001279,Y,train
LP001280,Y,holdout_test
LP001282,Y,holdout_test
LP001289,Y,holdout_test
LP001310,Y,train
LP001316,Y,train
LP001318,Y,train
LP001319,Y,train
LP001322,Y,train
LP001325,Y,holdout_test
LP001326,N,train
LP001327,Y,train
LP001333,Y,train
LP001334,Y,train
LP001343,Y,train
LP001345,Y,train
LP001349,Y,train
LP001350,Y,train
LP001356,Y,train
LP001357,Y,train
LP001367,Y,train
LP001369,Y,train
LP001370,N,train
LP001379,N,holdout_test
LP001384,Y,train
LP001385,Y,train
LP001387,Y,train
LP001391,N,train
LP001392,Y,train
LP001398,Y,train
LP001401,Y,train
LP001404,Y,train
LP001405,Y,train
LP001421,N,train
LP001422,Y,train
LP001426,Y,holdout_test
LP001430,Y,train
LP001431,Y,train
LP001432,Y,train
LP001439,Y,train
LP001443,Y,train
LP001448,Y,train
LP001449,Y,train
LP001451,N,train
LP001465,N,train
LP001469,Y,train
LP001473,Y,train
LP001478,Y,train
LP001482,Y,train
LP001487,Y,train
LP001488,N,train
LP001489,N,train
LP001491,Y,train
LP001492,N,train
LP001493,N,train
LP001497,N,train
LP001498,Y,train
LP001504,Y,train
LP001507,Y,holdout_test
LP001508,Y,holdout_test
LP001514,Y,holdout_test
LP001516,Y,train
LP001518,Y,holdout_test
LP001519,N,train
LP001520,Y,train
LP001528,N,holdout_test
LP001529,Y,train
LP001531,N,train
LP001532,N,holdout_test
LP001535,Y,train
LP001536,Y,train
LP001541,Y,train
LP001543,Y,train
LP001546,Y,train
LP001552,Y,train
LP001560,Y,train
LP001562,N,train
LP001565,N,holdout_test
LP001570,Y,train
LP001572,Y,holdout_test
LP001574,Y,holdout_test
LP001577,N,train
LP001578,Y,train
LP001579,N,holdout_test
LP001580,Y,train
LP001581,Y,train
LP001585,Y,train
LP001586,N,train
LP001594,Y,train
LP001603,N,train
LP001606,Y,train
LP001608,Y,train
LP001610,N,holdout_test
LP001616,Y,train
LP001630,N,holdout_test
LP001633,N,train
LP001634,N,train
LP001636,Y,train
LP001637,N,train
LP001639,Y,holdout_test
LP001640,Y,holdout_test
LP001641,N,train
LP001643,Y,train
LP001644,Y,holdout_test
LP001647,Y,train
LP001653,Y,holdout_test
LP001656,N,holdout_test
LP001657,N,train
LP001658,Y,holdout_test
LP001664,Y,holdout_test
LP001665,N,train
LP001666,Y,holdout_test
LP001669,Y,train
LP001671,Y,train
LP001673,N,train
LP001674,Y,train
LP001677,Y,train
LP001682,N,train
LP001688,Y,train
LP001691,Y,train
LP001692,Y,train
LP001693,Y,train
LP001698,Y,holdout_test
LP001699,Y,train
LP001702,N,train
LP001708,N,train
LP001711,N,train
LP001713,Y,train
LP001715,Y,train
LP001716,Y,holdout_test
LP001720,Y,train
LP001722,N,holdout_test
LP001726,Y,train
LP001732,N,train
LP001734,Y,holdout_test
LP001736,N,train
LP001743,Y,holdout_test
LP001744,Y,train
LP001749,Y,train
LP001750,Y,holdout_test
LP001751,N,holdout_test
LP001754,N,train
LP001758,Y,holdout_test
LP001760,Y,train
LP001761,Y,train
LP001765,Y,train
LP001768,Y,train
LP001770,Y,train
LP001776,Y,train
LP001778,Y,train
LP001784,Y,holdout_test
LP001786,N,train
LP001788,Y,train
LP001790,Y,train
LP001792,Y,train
LP001798,Y,train
LP001800,N,train
LP001806,Y,train
LP001807,Y,train
LP001811,Y,train
LP001813,N,train
LP001814,Y,train
LP001819,Y,train
LP001824,Y,train
LP001825,Y,train
LP001835,N,train
LP001836,N,train
LP001841,Y,holdout_test
LP001843,Y,train
LP001844,N,train
LP001846,Y,train
LP001849,N,train
LP001854,N,train
LP001859,N,train
LP001864,N,train
LP001865,Y,train
LP001868,Y,train
LP001870,N,train
LP001871,Y,train
LP001872,Y,train
LP001875,Y,train
LP001877,Y,train
LP001882,Y,train
LP001883,N,holdout_test
LP001884,Y,train
LP001888,Y,train
LP001891,Y,holdout_test
LP001892,Y,train
LP001894,Y,train
LP001896,Y,holdout_test
LP001900,Y,train
LP001903,Y,train
LP001904,Y,train
LP001907,Y,train
LP001908,Y,train
LP001910,N,holdout_test
LP001914,Y,train
LP001915,Y,train
LP001917,Y,train
LP001922,N,train
LP001924,Y,train
LP001925,N,train
LP001926,Y,train
LP001931,Y,holdout_test
LP001935,Y,holdout_test
LP001936,Y,train
LP001938,N,train
LP001940,Y,holdout_test
LP001945,N,holdout_test
LP001947,Y,train
LP001949,Y,holdout_test
LP001953,Y,train
LP001954,Y,train
LP001955,N,train
LP001963,N,train
LP001964,N,train
LP001972,Y,train
LP001974,Y,train
LP001977,Y,holdout_test
LP001978,Y,train
LP001990,N,train
LP001993,Y,train
LP001994,N,train
LP001996,N,train
LP001998,Y,train
LP002002,Y,train
LP002004,Y,train
LP002006,Y,train
LP002008,Y,train
LP002024,N,holdout_test
LP002031,Y,train
LP002035,Y,train
LP002036,Y,holdout_test
LP002043,Y,train
LP002050,N,train
LP002051,Y,holdout_test
LP002053,Y,train
LP002054,Y,train
LP002055,Y,train
LP002065,Y,holdout_test
LP002067,N,train
LP002068,Y,holdout_test
LP002082,Y,train
LP002086,N,holdout_test
LP002087,Y,train
LP002097,Y,train
LP002098,Y,train
LP002100,Y,train
LP002101,Y,train
LP002103,Y,train
LP002106,Y,holdout_test
LP002110,Y,train
LP002112,Y,train
LP002113,N,holdout_test
LP002114,Y,train
LP002115,N,train
LP002116,N,train
LP002119,Y,train
LP002126,Y,train
LP002128,Y,train
LP002129,Y,holdout_test
LP002130,N,holdout_test
LP002131,Y,train
LP002137,Y,train
LP002138,Y,train
LP002139,Y,train
LP002140,N,holdout_test
LP002141,Y,train
LP002142,N,train
LP002143,Y,train
LP002144,Y,holdout_test
LP002149,Y,train
LP002151,N,train
LP002158,N,train
LP002160,Y,train
LP002161,N,train
LP002170,Y,train
LP002175,Y,train
LP002178,Y,holdout_test
LP002180,Y,train
LP002181,N,train
LP002187,N,train
LP002188,N,train
LP002190,Y,holdout_test
LP002191,N,train
LP002194,Y,holdout_test
LP002197,Y,train
LP002201,Y,train
LP002205,N,holdout_test
LP002209,Y,train
LP002211,Y,holdout_test
LP002219,Y,train
LP002223,Y,train
LP002224,N,train
LP002225,Y,train
LP002226,Y,holdout_test
LP002229,Y,train
LP002231,Y,train
LP002234,Y,train
LP002236,N,train
LP002237,Y,holdout_test
LP002239,Y,holdout_test
LP002243,N,train
LP002244,Y,train
LP002250,Y,train
LP002255,Y,train
LP002262,Y,train
LP002263,Y,train
LP002265,Y,train
LP002266,Y,train
LP002272,Y,train
LP002277,N,train
LP002281,Y,train
LP002284,Y,train
LP002287,N,holdout_test
LP002288,N,train
LP002296,N,train
LP002297,Y,train
LP002300,Y,holdout_test
LP002301,N,train
LP002305,Y,train
LP002308,Y,train
LP002314,Y,train
LP002315,N,train
LP002317,N,train
LP002318,N,train
LP002319,Y,train
LP002328,N,train
LP002332,Y,train
LP002335,N,holdout_test
LP002337,Y,train
LP002341,N,holdout_test
LP002342,N,train
LP002345,Y,train
LP002347,Y,train
LP002348,Y,train
LP002357,N,train
LP002361,Y,train
LP002362,N,train
LP002364,Y,train
LP002366,Y,train
LP002367,N,holdout_test
LP002368,Y,train
LP002369,Y,holdout_test
LP002370,Y,holdout_test
LP002377,Y,train
LP002379,N,train
LP002386,Y,train
LP002387,Y,holdout_test
LP002390,Y,train
LP002393,Y,train
LP002398,Y,train
LP002401,Y,train
LP002403,N,train
LP002407,Y,train
LP002408,Y,holdout_test
LP002409,Y,train
LP002418,Y,train
LP002422,Y,train
LP002424,Y,holdout_test
LP002429,Y,train
LP002434,Y,train
LP002435,N,train
LP002443,N,train
LP002444,N,train
LP002446,N,train
LP002447,Y,train
LP002448,N,train
LP002449,Y,train
LP002453,Y,train
LP002455,Y,train
LP002459,Y,train
LP002467,N,train
LP002472,Y,train
LP002473,N,train
LP002478,Y,train
LP002484,Y,train
LP002487,Y,train
LP002489,Y,train
LP002493,N,train
LP002494,Y,train
LP002500,N,train
LP002501,Y,train
LP002502,Y,train
LP002505,N,train
LP002515,Y,holdout_test
LP002517,N,train
LP002519,Y,holdout_test
LP002522,Y,holdout_test
LP002524,Y,train
LP002527,Y,train
LP002529,Y,train
LP002530,N,train
LP002531,Y,train
LP002533,N,holdout_test
LP002534,Y,train
LP002536,Y,train
LP002537,Y,train
LP002541,Y,train
LP002543,Y,train
LP002544,Y,train
LP002545,N,train
LP002547,N,holdout_test
LP002555,Y,train
LP002556,N,train
LP002560,Y,holdout_test
LP002562,Y,train
LP002571,Y,train
LP002582,Y,train
LP002585,N,train
LP002586,Y,train
LP002587,Y,holdout_test
LP002588,Y,train
LP002600,Y,train
LP002602,N,train
LP002603,Y,holdout_test
LP002606,Y,train
LP002615,Y,train
LP002618,N,train
LP002619,Y,holdout_test
LP002622,Y,holdout_test
LP002624,Y,train
LP002625,N,train
LP002626,Y,holdout_test
LP002634,Y,train
LP002637,N,holdout_test
LP002640,Y,train
LP002643,Y,train
LP002648,N,train
LP002652,N,train
LP002659,Y,train
LP002670,Y,train
LP002682,N,holdout_test
LP002683,N,train
LP002684,N,train
LP002689,Y,holdout_test
LP002690,Y,train
LP002692,Y,holdout_test
LP002693,Y,train
LP002697,N,train
LP002699,Y,train
LP002705,Y,train
LP002706,Y,train
LP002714,Y,train
LP002716,Y,train
LP002717,Y,train
LP002720,Y,train
LP002723,N,train
LP002729,N,train
LP002731,Y,train
LP002732,Y,train
LP002734,Y,holdout_test
LP002738,Y,holdout_test
LP002739,N,train
LP002740,Y,holdout_test
LP002741,Y,holdout_test
LP002743,N,holdout_test
LP002753,Y,train
LP002755,Y,train
LP002757,Y,train
LP002767,Y,train
LP002768,N,train
LP002772,Y,train
LP002776,N,train
LP002777,Y,train
LP002778,N,train
LP002784,Y,train
LP002785,Y,holdout_test
LP002788,N,train
LP002789,N,train
LP002792,Y,train
LP002794,Y,train
LP002795,Y,holdout_test
LP002798,Y,holdout_test
LP002804,Y,holdout_test
LP002807,Y,train
LP002813,Y,train
LP002820,Y,train
LP002821,Y,train
LP002832,N,train
LP002833,Y,train
LP002836,Y,train
LP002837,N,train
LP002840,N,train
LP002841,N,holdout_test
LP002842,Y,train
LP002847,N,train
LP002855,Y,train
LP002862,N,train
LP002863,N,holdout_test
LP002868,Y,holdout_test
LP002872,N,train
LP002874,Y,holdout_test
LP002877,Y,train
LP002888,Y,train
LP002892,Y,train
LP002893,N,holdout_test
LP002894,Y,train
LP002898,N,train
LP002911,N,train
LP002912,N,train
LP002916,Y,train
LP002917,Y,holdout_test
LP002925,Y,train
LP002926,N,holdout_test
LP002928,Y,train
LP002931,N,train
LP002933,Y,train
LP002936,Y,train
LP002938,Y,train
LP002940,Y,train
LP002941,N,train
LP002943,N,holdout_test
LP002945,Y,holdout_test
LP002948,Y,holdout_test
LP002949,N,train
LP002950,Y,train
LP002953,Y,holdout_test
LP002958,Y,train
LP002959,Y,holdout_test
LP002960,N,train
LP002961,Y,train
LP002964,Y,holdout_test
LP002974,Y,train
LP002978,Y,holdout_test
LP002979,Y,train
LP002983,Y,train
LP002984,Y,train
LP002990,N,holdout_test
